Id,Choice
1,0.674
2,0.646
3,0.888
4,0.738
5,0.518
6,0.822
7,0.584
8,0.99
9,0.946
10,0.892
11,0.612
12,0.968
13,0.534
14,0.654
15,0.874
16,0.758
17,0.974
18,0.63
19,0.87
20,0.542
21,0.672
22,0.976
23,0.89
24,0.7
25,0.916
26,0.954
27,0.804
28,0.79
29,0.778
30,0.55
31,0.876
32,0.972
33,0.678
34,0.838
35,0.754
36,0.53
37,0.64
38,0.562
39,0.792
40,0.732
41,0.6
42,0.95
43,0.812
44,0.978
45,0.956
46,0.63
47,0.512
48,0.946
49,0.888
50,0.576
51,0.928
52,0.89
53,0.956
54,0.548
55,0.906
56,0.728
57,0.782
58,0.576
59,0.97
60,0.982
61,0.774
62,0.592
63,0.932
64,0.692
65,0.562
66,0.946
67,0.51
68,0.686
69,0.574
70,0.564
71,0.924
72,0.634
73,0.642
74,0.596
75,0.704
76,0.848
77,0.574
78,0.712
79,0.81
80,0.998
81,0.59
82,0.994
83,0.882
84,0.572
85,0.722
86,0.718
87,0.534
88,0.772
89,0.888
90,0.702
91,0.656
92,0.93
93,0.85
94,0.87
95,0.764
96,0.802
97,0.908
98,0.532
99,0.784
100,0.506
101,0.536
102,0.972
103,0.93
104,0.66
105,0.606
106,0.564
107,0.832
108,0.652
109,0.754
110,0.786
111,0.588
112,0.736
113,0.87
114,0.616
115,0.986
116,0.502
117,0.62
118,0.988
119,0.878
120,0.798
121,0.948
122,0.926
123,0.988
124,0.752
125,0.616
126,0.904
127,0.804
128,0.916
129,0.56
130,0.94
131,0.546
132,0.684
133,0.688
134,0.86
135,0.908
136,0.62
137,0.992
138,0.614
139,0.784
140,0.66
141,0.916
142,0.874
143,0.55
144,0.96
145,0.676
146,0.996
147,0.66
148,0.988
149,0.54
150,0.854
151,0.76
152,0.906
153,0.944
154,0.956
155,0.578
156,0.88
157,0.822
158,0.99
159,0.648
160,0.594
161,0.664
162,0.74
163,0.826
164,0.59
165,0.508
166,0.546
167,0.904
168,0.982
169,0.684
170,0.908
171,0.65
172,0.53
173,0.916
174,0.706
175,0.714
176,0.922
177,0.604
178,0.956
179,0.582
180,0.906
181,0.588
182,0.692
183,0.928
184,0.672
185,0.646
186,0.818
187,0.564
188,0.894
189,0.52
190,0.896
191,0.89
192,0.74
193,0.972
194,0.742
195,0.852
196,0.946
197,0.77
198,0.948
199,0.798
200,0.574
201,0.658
202,0.946
203,0.688
204,0.584
205,0.9
206,0.9
207,0.786
208,0.884
209,0.99
210,0.896
211,0.97
212,0.62
213,0.836
214,0.856
215,0.998
216,0.81
217,0.668
218,0.904
219,0.882
220,0.978
221,0.532
222,0.942
223,0.628
224,0.776
225,0.658
226,0.622
227,0.952
228,0.958
229,0.922
230,0.81
231,0.988
232,0.87
233,0.934
234,0.974
235,0.764
236,0.72
237,0.9
238,0.748
239,0.656
240,0.84
241,0.996
242,0.542
243,0.55
244,0.854
245,0.988
246,0.784
247,0.94
248,0.988
249,0.968
250,0.518
251,0.948
252,0.952
253,0.63
254,0.652
255,0.93
256,0.91
257,0.9
258,0.712
259,0.622
260,0.91
261,0.95
262,0.994
263,0.708
264,0.956
265,0.92
266,0.584
267,0.79
268,0.694
269,0.736
270,0.8
271,0.636
272,0.984
273,0.554
274,0.854
275,0.844
276,0.702
277,0.854
278,0.936
279,0.806
280,0.546
281,0.8
282,0.638
283,0.754
284,0.756
285,0.588
286,0.66
287,0.588
288,0.934
289,0.582
290,0.946
291,0.966
292,0.946
293,0.85
294,0.992
295,0.956
296,0.74
297,0.872
298,0.842
299,0.962
300,0.89
301,0.936
302,0.722
303,0.77
304,0.63
305,0.986
306,0.72
307,0.992
308,0.526
309,0.722
310,0.982
311,0.646
312,0.814
313,0.672
314,0.59
315,0.81
316,0.838
317,0.994
318,0.71
319,0.732
320,0.524
321,0.552
322,0.748
323,0.948
324,0.802
325,0.948
326,0.94
327,0.672
328,0.608
329,0.944
330,0.51
331,0.804
332,0.956
333,0.918
334,0.986
335,0.772
336,0.898
337,0.638
338,0.692
339,0.694
340,0.74
341,0.986
342,0.72
343,0.75
344,0.974
345,0.59
346,0.872
347,0.796
348,0.536
349,0.62
350,0.88
351,0.744
352,0.534
353,0.602
354,0.926
355,0.58
356,0.778
357,0.958
358,0.66
359,0.808
360,0.998
361,0.73
362,0.82
363,0.668
364,0.844
365,0.86
366,0.878
367,0.866
368,0.532
369,0.758
370,0.942
371,0.672
372,0.742
373,0.652
374,0.512
375,0.832
376,0.938
377,0.708
378,0.604
379,0.93
380,0.514
381,0.928
382,0.558
383,0.996
384,0.572
385,0.928
386,0.502
387,0.714
388,0.554
389,0.55
390,0.914
391,0.766
392,0.858
393,0.886
394,0.94
395,0.766
396,0.652
397,0.536
398,0.616
399,0.598
400,0.99
401,0.74
402,0.516
403,0.796
404,0.902
405,0.522
406,0.97
407,0.51
408,0.884
409,0.686
410,0.992
411,0.946
412,0.532
413,0.6
414,0.616
415,0.59
416,0.926
417,0.626
418,0.904
419,0.95
420,0.94
421,0.788
422,0.79
423,0.806
424,0.844
425,0.992
426,0.704
427,0.776
428,0.548
429,0.842
430,0.802
431,0.99
432,0.896
433,0.68
434,0.894
435,0.688
436,0.782
437,0.664
438,0.61
439,0.89
440,0.832
441,0.52
442,0.602
443,0.732
444,0.508
445,0.68
446,0.966
447,0.848
448,0.588
449,0.584
450,0.526
451,0.512
452,0.732
453,0.794
454,0.834
455,0.8
456,0.824
457,0.804
458,0.896
459,0.924
460,0.68
461,0.636
462,0.952
463,0.634
464,0.812
465,0.986
466,0.964
467,0.766
468,0.674
469,0.912
470,0.91
471,0.748
472,0.95
473,0.856
474,0.818
475,0.676
476,0.994
477,0.648
478,0.77
479,0.558
480,0.872
481,0.824
482,0.954
483,0.994
484,0.806
485,0.606
486,0.91
487,0.912
488,0.696
489,0.942
490,0.614
491,0.824
492,0.984
493,0.986
494,0.668
495,0.926
496,0.83
497,0.736
498,0.514
499,0.59
500,0.756
501,0.636
502,0.836
503,0.57
504,0.95
505,0.978
506,0.712
507,0.72
508,0.926
509,0.96
510,0.954
511,0.64
512,0.876
513,0.902
514,0.546
515,0.964
516,0.972
517,0.974
518,0.82
519,0.99
520,0.622
521,0.674
522,0.57
523,0.816
524,0.806
525,0.612
526,0.622
527,0.604
528,0.732
529,0.924
530,0.88
531,0.95
532,0.81
533,0.504
534,0.9
535,0.992
536,0.958
537,0.758
538,0.722
539,0.816
540,0.896
541,0.796
542,0.832
543,0.532
544,0.78
545,0.792
546,0.846
547,0.562
548,0.856
549,0.942
550,0.998
551,0.73
552,0.964
553,0.59
554,0.5
555,0.982
556,0.988
557,0.896
558,0.826
559,0.936
560,0.582
561,0.952
562,0.658
563,0.67
564,0.554
565,0.85
566,0.846
567,0.98
568,0.62
569,0.994
570,0.742
571,0.962
572,0.594
573,0.934
574,0.816
575,0.994
576,0.9
577,0.992
578,0.632
579,0.994
580,0.916
581,0.998
582,0.866
583,0.716
584,0.734
585,0.624
586,0.884
587,0.574
588,0.98
589,0.856
590,0.742
591,0.556
592,0.534
593,0.656
594,0.558
595,0.782
596,0.64
597,0.786
598,0.834
599,0.88
600,0.602
601,0.758
602,0.708
603,0.588
604,0.814
605,0.984
606,0.558
607,0.582
608,0.848
609,0.964
610,0.772
611,0.768
612,0.968
613,0.752
614,0.686
615,0.668
616,0.572
617,0.912
618,0.988
619,0.52
620,0.756
621,0.884
622,0.94
623,0.758
624,0.65
625,0.99
626,0.572
627,0.976
628,0.718
629,0.804
630,0.954
631,0.608
632,0.984
633,0.814
634,0.872
635,0.572
636,0.766
637,0.916
638,0.512
639,0.978
640,0.976
641,0.886
642,0.698
643,0.814
644,0.546
645,0.934
646,0.908
647,0.502
648,0.66
649,0.916
650,0.644
651,0.902
652,0.616
653,0.554
654,0.518
655,0.962
656,0.866
657,0.594
658,0.712
659,0.998
660,0.906
661,0.8
662,0.572
663,0.774
664,0.54
665,0.642
666,0.986
667,0.742
668,0.506
669,0.594
670,0.994
671,0.882
672,0.996
673,0.774
674,0.506
675,0.568
676,0.974
677,0.544
678,0.98
679,0.654
680,0.986
681,0.56
682,0.704
683,0.526
684,0.532
685,0.852
686,0.914
687,0.554
688,0.838
689,0.622
690,0.716
691,0.988
692,0.96
693,0.734
694,0.806
695,0.508
696,0.764
697,0.902
698,0.818
699,0.854
700,0.964
701,0.7
702,0.786
703,0.544
704,0.606
705,0.588
706,0.832
707,0.792
708,0.714
709,0.934
710,0.922
711,0.592
712,0.962
713,0.714
714,0.668
715,0.888
716,0.598
717,0.952
718,0.916
719,0.63
720,0.518
721,0.602
722,0.616
723,0.686
724,0.902
725,0.574
726,0.982
727,0.87
728,0.736
729,0.682
730,0.524
731,0.5
732,0.512
733,0.806
734,0.98
735,0.502
736,0.61
737,0.62
738,0.832
739,0.936
740,0.882
741,0.768
742,0.832
743,0.88
744,0.966
745,0.732
746,0.902
747,0.744
748,0.916
749,0.794
750,0.612
751,0.524
752,0.532
753,0.994
754,0.722
755,0.644
756,0.94
757,0.514
758,0.56
759,0.65
760,0.958
761,0.722
762,0.584
763,0.504
764,0.79
765,0.884
766,0.586
767,0.696
768,0.784
769,0.932
770,0.826
771,0.57
772,0.852
773,0.944
774,0.5
775,0.828
776,0.66
777,0.708
778,0.976
779,0.9
780,0.922
781,0.916
782,0.962
783,0.602
784,0.542
785,0.676
786,0.828
787,0.576
788,0.792
789,0.652
790,0.762
791,0.81
792,0.778
793,0.828
794,0.7
795,0.828
796,0.99
797,0.606
798,0.938
799,0.91
800,0.948
801,0.896
802,0.664
803,0.986
804,0.756
805,0.576
806,0.57
807,0.766
808,0.926
809,0.506
810,0.592
811,0.51
812,0.902
813,0.576
814,0.822
815,0.97
816,0.536
817,0.91
818,0.94
819,0.902
820,0.738
821,0.812
822,0.516
823,0.918
824,0.938
825,0.72
826,0.996
827,0.558
828,0.834
829,0.712
830,0.8
831,0.946
832,0.884
833,0.982
834,0.97
835,0.574
836,0.726
837,0.96
838,0.898
839,0.96
840,0.786
841,0.522
842,0.694
843,0.882
844,0.724
845,0.948
846,0.946
847,0.514
848,0.972
849,0.502
850,0.502
851,0.514
852,0.932
853,0.886
854,0.962
855,0.61
856,0.604
857,0.864
858,0.85
859,0.708
860,0.78
861,0.802
862,0.638
863,0.54
864,0.958
865,0.58
866,0.966
867,0.59
868,0.972
869,0.838
870,0.568
871,0.712
872,0.992
873,0.684
874,0.922
875,0.922
876,0.978
877,0.978
878,0.87
879,0.964
880,0.54
881,0.65
882,0.894
883,0.992
884,0.848
885,0.992
886,0.852
887,0.678
888,0.684
889,0.89
890,0.834
891,0.82
892,0.568
893,0.736
894,0.924
895,0.902
896,0.6
897,0.796
898,0.982
899,0.888
900,0.9
901,0.654
902,0.722
903,0.894
904,0.76
905,0.64
906,0.622
907,0.586
908,0.658
909,0.52
910,0.976
911,0.824
912,0.596
913,0.608
914,0.984
915,0.834
916,0.812
917,0.662
918,0.632
919,0.674
920,0.72
921,0.902
922,0.914
923,0.888
924,0.586
925,0.948
926,0.586
927,0.58
928,0.884
929,0.922
930,0.562
931,0.886
932,0.876
933,0.54
934,0.62
935,0.732
936,0.802
937,0.656
938,0.808
939,0.95
940,0.916
941,0.954
942,0.896
943,0.678
944,0.952
945,0.708
946,0.514
947,0.622
948,0.74
949,0.932
950,0.516
951,0.598
952,0.74
953,0.652
954,0.586
955,0.848
956,0.96
957,0.74
958,0.968
959,0.884
960,0.646
961,0.984
962,0.636
963,0.982
964,0.888
965,0.652
966,0.904
967,0.922
968,0.536
969,0.628
970,0.884
971,0.634
972,0.654
973,0.546
974,0.88
975,0.632
976,0.878
977,0.63
978,0.794
979,0.814
980,0.762
981,0.774
982,0.502
983,0.944
984,0.648
985,0.972
986,0.974
987,0.676
988,0.678
989,0.82
990,0.662
991,0.556
992,0.634
993,0.784
994,0.978
995,0.722
996,0.818
997,0.846
998,0.538
999,0.71
1000,0.508
1001,0.98
1002,0.974
1003,0.99
1004,0.576
1005,0.944
1006,0.548
1007,0.556
1008,0.818
1009,0.908
1010,0.878
1011,0.99
1012,0.536
1013,0.568
1014,0.614
1015,0.672
1016,0.964
1017,0.918
1018,0.688
1019,0.74
1020,0.63
1021,0.554
1022,0.636
1023,0.662
1024,0.804
1025,0.856
1026,0.694
1027,0.94
1028,0.96
1029,0.954
1030,0.636
1031,0.692
1032,0.524
1033,0.962
1034,0.688
1035,0.926
1036,0.872
1037,0.784
1038,0.638
1039,0.6
1040,0.596
1041,0.71
1042,0.906
1043,0.516
1044,0.508
1045,0.594
1046,0.688
1047,0.77
1048,0.938
1049,0.75
1050,0.722
1051,0.912
1052,0.636
1053,0.66
1054,0.532
1055,0.888
1056,0.596
1057,0.744
1058,0.946
1059,0.996
1060,0.98
1061,0.842
1062,0.796
1063,0.89
1064,0.732
1065,0.668
1066,0.758
1067,0.62
1068,0.52
1069,0.732
1070,0.664
1071,0.924
1072,0.838
1073,0.842
1074,0.726
1075,0.714
1076,0.58
1077,0.838
1078,0.526
1079,0.826
1080,0.996
1081,0.968
1082,0.756
1083,0.752
1084,0.982
1085,0.864
1086,0.564
1087,0.944
1088,0.624
1089,0.942
1090,0.93
1091,0.552
1092,0.768
1093,0.632
1094,0.822
1095,0.882
1096,0.916
1097,0.516
1098,1
1099,0.942
1100,0.972
1101,0.652
1102,0.658
1103,0.706
1104,0.99
1105,0.626
1106,0.882
1107,0.866
1108,0.974
1109,0.978
1110,0.586
1111,0.96
1112,0.656
1113,0.984
1114,0.556
1115,0.626
1116,0.68
1117,0.978
1118,0.668
1119,0.85
1120,0.72
1121,0.868
1122,0.54
1123,0.984
1124,0.704
1125,0.54
1126,0.694
1127,0.624
1128,0.6
1129,0.876
1130,0.548
1131,0.636
1132,0.864
1133,0.936
1134,0.934
1135,0.522
1136,0.86
1137,0.606
1138,0.55
1139,0.82
1140,0.764
1141,0.668
1142,0.542
1143,0.862
1144,0.948
1145,0.992
1146,0.764
1147,0.926
1148,0.606
1149,0.692
1150,0.59
1151,0.78
1152,0.808
1153,0.782
1154,0.502
1155,0.648
1156,0.806
1157,0.852
1158,0.686
1159,0.59
1160,0.818
1161,0.87
1162,0.54
1163,0.766
1164,0.56
1165,0.946
1166,0.968
1167,0.9
1168,0.524
1169,0.588
1170,0.948
1171,0.788
1172,0.834
1173,0.826
1174,0.902
1175,0.81
1176,0.726
1177,0.56
1178,0.972
1179,0.584
1180,0.668
1181,0.914
1182,0.552
1183,0.992
1184,0.636
1185,0.708
1186,0.94
1187,0.818
1188,0.972
1189,0.962
1190,0.942
1191,0.612
1192,0.51
1193,0.914
1194,0.956
1195,0.55
1196,0.732
1197,0.71
1198,0.544
1199,0.82
1200,0.822
1201,0.548
1202,0.97
1203,0.978
1204,0.864
1205,0.974
1206,0.638
1207,0.782
1208,0.986
1209,0.692
1210,0.652
1211,0.884
1212,0.706
1213,0.644
1214,0.814
1215,0.522
1216,0.844
1217,0.812
1218,0.866
1219,0.966
1220,0.962
1221,0.848
1222,0.856
1223,0.784
1224,0.858
1225,0.564
1226,0.896
1227,0.508
1228,0.762
1229,0.662
1230,0.982
1231,0.76
1232,0.548
1233,0.61
1234,0.572
1235,0.646
1236,0.526
1237,0.978
1238,0.896
1239,0.996
1240,0.708
1241,0.958
1242,0.972
1243,0.858
1244,0.518
1245,0.514
1246,0.54
1247,0.666
1248,0.532
1249,0.942
1250,0.802
1251,0.518
1252,0.532
1253,0.618
1254,0.892
1255,0.692
1256,0.868
1257,0.998
1258,0.996
1259,0.864
1260,0.688
1261,0.962
1262,0.896
1263,0.534
1264,0.762
1265,0.706
1266,0.832
1267,0.992
1268,0.502
1269,0.744
1270,0.906
1271,0.696
1272,0.788
1273,0.786
1274,0.554
1275,0.944
1276,0.876
1277,0.544
1278,0.614
1279,0.778
1280,0.79
1281,0.886
1282,0.938
1283,0.79
1284,0.76
1285,0.568
1286,0.784
1287,0.796
1288,0.996
1289,0.762
1290,0.738
1291,0.686
1292,0.834
1293,0.914
1294,0.548
1295,0.97
1296,0.934
1297,0.97
1298,0.706
1299,0.822
1300,0.902
1301,0.92
1302,0.992
1303,0.742
1304,0.654
1305,0.774
1306,0.738
1307,0.502
1308,0.916
1309,0.768
1310,0.896
1311,0.626
1312,0.89
1313,0.902
1314,0.542
1315,0.784
1316,0.864
1317,0.896
1318,0.772
1319,0.914
1320,0.894
1321,0.84
1322,0.63
1323,0.922
1324,0.566
1325,0.822
1326,0.95
1327,0.946
1328,0.746
1329,0.96
1330,0.514
1331,0.97
1332,0.948
1333,0.814
1334,0.914
1335,0.992
1336,0.87
1337,0.816
1338,0.976
1339,0.73
1340,0.646
1341,0.95
1342,0.522
1343,0.79
1344,0.948
1345,0.96
1346,0.71
1347,0.842
1348,0.716
1349,0.794
1350,0.978
1351,0.644
1352,0.82
1353,0.546
1354,0.538
1355,0.656
1356,0.704
1357,0.912
1358,0.828
1359,0.506
1360,0.586
1361,0.974
1362,0.612
1363,0.944
1364,0.55
1365,0.874
1366,0.526
1367,0.82
1368,0.896
1369,0.756
1370,0.908
1371,0.728
1372,0.916
1373,0.592
1374,0.68
1375,0.852
1376,0.876
1377,0.896
1378,0.894
1379,0.69
1380,0.596
1381,0.656
1382,0.568
1383,0.688
1384,0.882
1385,0.894
1386,0.554
1387,0.72
1388,0.636
1389,0.978
1390,0.69
1391,0.97
1392,0.696
1393,0.964
1394,0.696
1395,0.696
1396,0.84
1397,0.822
1398,0.592
1399,0.966
1400,0.588
1401,0.674
1402,0.518
1403,0.624
1404,0.726
1405,0.66
1406,0.918
1407,0.952
1408,0.762
1409,0.692
1410,0.696
1411,0.808
1412,0.952
1413,0.982
1414,0.984
1415,0.646
1416,0.974
1417,0.896
1418,0.64
1419,0.688
1420,0.508
1421,0.516
1422,0.938
1423,0.992
1424,0.644
1425,0.92
1426,0.572
1427,0.706
1428,0.996
1429,0.796
1430,0.672
1431,0.916
1432,0.81
1433,0.968
1434,0.524
1435,0.728
1436,0.83
1437,0.844
1438,0.532
1439,0.916
1440,0.504
1441,0.612
1442,0.526
1443,0.852
1444,0.836
1445,0.994
1446,0.86
1447,0.844
1448,0.536
1449,0.79
1450,0.52
1451,0.966
1452,0.606
1453,0.792
1454,0.842
1455,0.91
1456,0.844
1457,0.556
1458,0.744
1459,0.664
1460,0.7
1461,0.536
1462,0.592
1463,0.608
1464,0.54
1465,0.936
1466,0.674
1467,0.582
1468,0.54
1469,0.988
1470,0.786
1471,0.506
1472,0.822
1473,0.544
1474,0.572
1475,0.992
1476,0.736
1477,0.986
1478,0.932
1479,0.778
1480,0.844
1481,0.72
1482,0.984
1483,0.806
1484,0.95
1485,0.618
1486,0.904
1487,0.982
1488,0.858
1489,0.854
1490,0.55
1491,0.542
1492,0.648
1493,0.82
1494,0.898
1495,0.778
1496,0.676
1497,0.962
1498,0.75
1499,0.944
1500,0.734
1501,0.614
1502,0.894
1503,0.92
1504,0.978
1505,0.658
1506,0.742
1507,0.792
1508,0.99
1509,0.664
1510,0.758
1511,0.892
1512,0.758
1513,0.944
1514,0.508
1515,0.938
1516,0.582
1517,0.528
1518,0.572
1519,0.556
1520,0.86
1521,0.756
1522,0.744
1523,0.97
1524,0.712
1525,0.59
1526,0.848
1527,0.982
1528,0.59
1529,0.89
1530,0.58
1531,0.816
1532,0.576
1533,0.584
1534,0.764
1535,0.828
1536,0.584
1537,0.966
1538,0.556
1539,0.974
1540,0.672
1541,0.598
1542,0.924
1543,0.846
1544,0.91
1545,0.982
1546,0.506
1547,0.524
1548,0.578
1549,0.714
1550,0.984
1551,0.762
1552,0.772
1553,1
1554,0.55
1555,0.696
1556,0.98
1557,0.834
1558,0.98
1559,0.514
1560,0.54
1561,0.636
1562,0.982
1563,0.564
1564,0.626
1565,0.77
1566,0.924
1567,0.93
1568,0.908
1569,0.986
1570,0.84
1571,0.706
1572,0.968
1573,0.738
1574,0.556
1575,0.8
1576,0.646
1577,0.966
1578,0.812
1579,0.902
1580,0.618
1581,0.84
1582,0.706
1583,0.814
1584,0.992
1585,0.548
1586,0.954
1587,0.88
1588,0.534
1589,0.656
1590,0.884
1591,0.59
1592,0.786
1593,0.7
1594,0.712
1595,0.904
1596,0.508
1597,0.528
1598,0.702
1599,0.758
1600,0.658
1601,0.838
1602,0.956
1603,0.574
1604,0.94
1605,0.81
1606,0.976
1607,0.742
1608,0.572
1609,1
1610,0.8
1611,0.834
1612,0.898
1613,0.96
1614,0.798
1615,0.886
1616,0.666
1617,0.95
1618,0.552
1619,0.95
1620,0.802
1621,0.772
1622,0.946
1623,0.796
1624,0.542
1625,0.532
1626,0.986
1627,0.758
1628,0.96
1629,0.932
1630,0.602
1631,0.908
1632,0.526
1633,0.618
1634,0.5
1635,0.98
1636,0.522
1637,0.962
1638,0.824
1639,0.838
1640,0.536
1641,0.956
1642,0.966
1643,0.56
1644,0.564
1645,0.534
1646,0.95
1647,0.762
1648,0.99
1649,0.602
1650,0.836
1651,0.86
1652,0.998
1653,0.652
1654,0.586
1655,0.888
1656,0.842
1657,0.626
1658,0.758
1659,0.9
1660,0.834
1661,0.816
1662,0.972
1663,0.986
1664,0.94
1665,0.976
1666,0.854
1667,0.784
1668,0.938
1669,0.814
1670,0.528
1671,0.778
1672,0.968
1673,0.52
1674,0.726
1675,0.87
1676,0.532
1677,0.74
1678,0.62
1679,0.594
1680,0.934
1681,0.554
1682,0.928
1683,0.652
1684,0.582
1685,0.712
1686,0.87
1687,0.726
1688,0.794
1689,0.656
1690,0.978
1691,0.976
1692,0.7
1693,0.752
1694,0.782
1695,0.614
1696,0.696
1697,0.962
1698,0.624
1699,0.614
1700,0.72
1701,0.684
1702,0.518
1703,0.56
1704,0.958
1705,0.654
1706,0.726
1707,0.842
1708,0.638
1709,0.52
1710,0.844
1711,0.726
1712,0.77
1713,0.594
1714,0.82
1715,0.528
1716,0.976
1717,0.962
1718,0.528
1719,0.69
1720,0.958
1721,0.836
1722,0.976
1723,0.934
1724,0.944
1725,0.768
1726,0.866
1727,0.71
1728,0.676
1729,0.742
1730,0.72
1731,0.98
1732,0.98
1733,0.892
1734,0.54
1735,0.762
1736,0.822
1737,0.796
1738,0.588
1739,0.568
1740,0.528
1741,0.696
1742,0.884
1743,0.792
1744,0.63
1745,0.714
1746,0.866
1747,0.866
1748,0.622
1749,0.688
1750,0.732
1751,0.752
1752,0.522
1753,0.792
1754,0.5
1755,0.64
1756,0.91
1757,0.822
1758,0.648
1759,0.658
1760,0.576
1761,0.728
1762,0.686
1763,0.758
1764,0.954
1765,0.878
1766,0.966
1767,0.502
1768,0.978
1769,0.522
1770,0.976
1771,0.84
1772,0.65
1773,0.652
1774,0.512
1775,0.982
1776,0.714
1777,0.664
1778,0.718
1779,0.66
1780,0.966
1781,0.72
1782,0.516
1783,0.992
1784,0.992
1785,0.944
1786,0.582
1787,0.672
1788,0.942
1789,0.586
1790,0.612
1791,0.746
1792,0.586
1793,0.918
1794,0.914
1795,0.962
1796,0.9
1797,0.838
1798,0.734
1799,0.968
1800,0.85
1801,0.77
1802,0.986
1803,0.852
1804,0.982
1805,0.644
1806,0.682
1807,0.874
1808,0.934
1809,0.976
1810,0.744
1811,0.522
1812,0.976
1813,0.658
1814,0.732
1815,0.994
1816,0.932
1817,0.966
1818,0.87
1819,0.736
1820,0.95
1821,0.734
1822,0.746
1823,0.774
1824,0.892
1825,0.822
1826,0.974
1827,0.902
1828,0.586
1829,0.666
1830,0.52
1831,0.986
1832,0.65
1833,0.852
1834,0.77
1835,0.744
1836,0.932
1837,0.802
1838,0.694
1839,0.966
1840,0.922
1841,0.958
1842,0.994
1843,0.94
1844,0.896
1845,0.918
1846,0.988
1847,0.524
1848,0.714
1849,0.986
1850,0.782
1851,0.71
1852,0.75
1853,0.902
1854,0.526
1855,0.958
1856,0.664
1857,0.928
1858,0.746
1859,0.75
1860,0.914
1861,0.924
1862,0.572
1863,0.732
1864,0.592
1865,0.982
1866,0.696
1867,0.614
1868,0.904
1869,0.934
1870,0.896
1871,0.89
1872,0.732
1873,0.906
1874,0.542
1875,0.82
1876,0.78
1877,0.614
1878,0.894
1879,0.984
1880,0.682
1881,0.84
1882,0.636
1883,0.528
1884,0.652
1885,0.916
1886,0.97
1887,0.508
1888,0.628
1889,0.946
1890,0.69
1891,0.598
1892,0.552
1893,0.91
1894,0.61
1895,0.722
1896,0.844
1897,0.712
1898,0.992
1899,0.692
1900,0.628
1901,0.518
1902,0.574
1903,0.782
1904,0.886
1905,0.764
1906,0.606
1907,0.832
1908,0.784
1909,0.83
1910,0.942
1911,0.772
1912,0.5
1913,0.752
1914,0.512
1915,0.56
1916,0.746
1917,0.51
1918,0.55
1919,0.976
1920,0.936
1921,0.562
1922,0.64
1923,0.848
1924,0.646
1925,0.952
1926,0.98
1927,0.794
1928,0.848
1929,0.94
1930,0.986
1931,0.522
1932,0.924
1933,0.93
1934,0.588
1935,0.602
1936,0.95
1937,0.906
1938,0.702
1939,0.556
1940,0.758
1941,0.988
1942,0.97
1943,0.832
1944,0.962
1945,0.746
1946,0.712
1947,0.944
1948,0.838
1949,0.974
1950,0.646
1951,0.548
1952,0.726
1953,0.966
1954,0.738
1955,0.594
1956,0.546
1957,0.666
1958,0.552
1959,0.632
1960,0.746
1961,0.964
1962,0.64
1963,0.844
1964,0.704
1965,0.994
1966,0.694
1967,0.742
1968,0.562
1969,0.538
1970,0.706
1971,0.7
1972,0.868
1973,0.714
1974,0.502
1975,0.788
1976,0.71
1977,0.79
1978,0.672
1979,0.926
1980,0.982
1981,0.668
1982,0.922
1983,0.84
1984,0.924
1985,0.906
1986,0.828
1987,0.954
1988,0.924
1989,0.776
1990,0.824
1991,0.61
1992,0.56
1993,0.954
1994,0.67
1995,0.77
1996,0.518
1997,0.52
1998,0.994
1999,0.964
2000,0.596
2001,0.896
2002,0.506
2003,0.914
2004,0.792
2005,0.748
2006,0.584
2007,0.57
2008,0.768
2009,0.546
2010,0.92
2011,0.926
2012,0.91
2013,0.516
2014,0.944
2015,0.842
2016,0.994
2017,0.748
2018,0.954
2019,0.514
2020,0.956
2021,0.732
2022,0.966
2023,0.734
2024,0.782
2025,0.954
2026,0.96
2027,0.602
2028,0.542
2029,0.546
2030,0.984
2031,0.914
2032,0.946
2033,0.948
2034,0.556
2035,0.984
2036,0.998
2037,0.744
2038,0.552
2039,0.51
2040,0.53
2041,0.532
2042,0.954
2043,0.534
2044,0.736
2045,0.578
2046,0.62
2047,0.99
2048,0.924
2049,0.978
2050,0.74
2051,0.742
2052,0.898
2053,0.976
2054,0.654
2055,0.726
2056,0.754
2057,0.946
2058,0.612
2059,0.602
2060,0.562
2061,0.978
2062,0.566
2063,0.62
2064,0.806
2065,0.916
2066,0.706
2067,0.974
2068,0.594
2069,0.624
2070,0.638
2071,0.934
2072,0.794
2073,0.694
2074,0.91
2075,0.924
2076,0.522
2077,0.766
2078,0.958
2079,0.834
2080,0.992
2081,0.942
2082,0.612
2083,0.96
2084,0.774
2085,0.864
2086,0.692
2087,0.832
2088,0.568
2089,0.53
2090,0.586
2091,0.528
2092,0.816
2093,0.84
2094,0.57
2095,0.89
2096,0.598
2097,0.71
2098,0.96
2099,0.536
2100,0.818
2101,0.876
2102,0.638
2103,0.584
2104,0.67
2105,0.53
2106,0.91
2107,0.502
2108,0.59
2109,0.806
2110,0.756
2111,0.542
2112,0.8
2113,0.568
2114,0.634
2115,0.55
2116,0.524
2117,0.758
2118,0.772
2119,0.746
2120,0.958
2121,0.872
2122,0.69
2123,0.856
2124,0.776
2125,0.624
2126,0.944
2127,0.654
2128,0.998
2129,0.906
2130,0.928
2131,0.944
2132,0.98
2133,0.662
2134,0.554
2135,0.938
2136,0.884
2137,0.992
2138,0.606
2139,0.686
2140,0.544
2141,0.93
2142,0.83
2143,0.896
2144,0.968
2145,0.822
2146,0.6
2147,0.74
2148,0.926
2149,0.924
2150,0.536
2151,0.652
2152,0.952
2153,0.686
2154,0.57
2155,0.762
2156,0.856
2157,0.964
2158,0.676
2159,0.894
2160,0.746
2161,0.854
2162,0.82
2163,0.804
2164,0.596
2165,0.532
2166,0.952
2167,0.774
2168,0.524
2169,0.5
2170,0.854
2171,0.83
2172,0.834
2173,0.602
2174,0.654
2175,0.866
2176,0.936
2177,0.84
2178,0.542
2179,0.672
2180,0.718
2181,0.738
2182,0.894
2183,0.882
2184,0.528
2185,0.918
2186,0.69
2187,0.772
2188,0.94
2189,0.562
2190,0.958
2191,0.59
2192,0.502
2193,0.954
2194,0.958
2195,0.754
2196,0.976
2197,0.802
2198,0.668
2199,0.95
2200,0.956
2201,0.83
2202,0.734
2203,0.58
2204,1
2205,0.908
2206,0.636
2207,0.928
2208,0.648
2209,0.51
2210,0.632
2211,0.608
2212,0.542
2213,0.53
2214,0.644
2215,0.886
2216,0.634
2217,0.916
2218,0.758
2219,0.918
2220,0.988
2221,0.588
2222,0.932
2223,0.56
2224,0.824
2225,0.93
2226,0.526
2227,0.992
2228,0.982
2229,0.544
2230,0.588
2231,0.78
2232,0.572
2233,0.794
2234,0.766
2235,0.68
2236,0.558
2237,0.852
2238,0.854
2239,0.762
2240,0.844
2241,0.9
2242,0.522
2243,0.954
2244,0.626
2245,0.82
2246,0.73
2247,0.986
2248,0.726
2249,0.62
2250,0.984
2251,0.886
2252,0.56
2253,0.882
2254,0.518
2255,0.838
2256,0.546
2257,0.932
2258,0.916
2259,0.614
2260,0.854
2261,0.842
2262,0.648
2263,0.652
2264,0.844
2265,0.97
2266,0.538
2267,0.976
2268,0.694
2269,0.986
2270,0.732
2271,0.974
2272,0.652
2273,0.934
2274,0.938
2275,0.958
2276,0.514
2277,0.978
2278,0.744
2279,0.502
2280,0.968
2281,0.848
2282,0.724
2283,0.664
2284,0.662
2285,0.92
2286,0.658
2287,0.708
2288,0.586
2289,0.918
2290,0.774
2291,0.652
2292,0.868
2293,0.652
2294,0.766
2295,0.586
2296,0.574
2297,0.572
2298,0.526
2299,0.542
2300,0.502
2301,0.58
2302,0.994
2303,0.948
2304,0.7
2305,0.714
2306,0.826
2307,0.73
2308,0.516
2309,0.686
2310,0.778
2311,0.962
2312,0.97
2313,0.612
2314,0.6
2315,0.516
2316,0.918
2317,0.544
2318,0.7
2319,0.82
2320,0.922
2321,0.89
2322,0.664
2323,0.536
2324,0.918
2325,0.562
2326,0.588
2327,0.708
2328,0.668
2329,0.528
2330,0.762
2331,0.692
2332,0.892
2333,0.624
2334,0.948
2335,0.904
2336,0.726
2337,0.976
2338,0.902
2339,0.858
2340,0.73
2341,0.778
2342,0.72
2343,0.72
2344,0.964
2345,0.556
2346,0.654
2347,0.91
2348,0.764
2349,0.804
2350,0.878
2351,0.788
2352,0.52
2353,0.968
2354,0.516
2355,0.832
2356,0.98
2357,0.668
2358,0.982
2359,0.584
2360,0.756
2361,0.802
2362,0.94
2363,0.762
2364,0.518
2365,0.64
2366,0.864
2367,0.754
2368,0.744
2369,0.914
2370,0.692
2371,0.966
2372,0.758
2373,0.796
2374,0.736
2375,0.778
2376,0.528
2377,0.644
2378,0.68
2379,0.956
2380,0.694
2381,0.882
2382,0.562
2383,0.974
2384,0.73
2385,0.958
2386,0.92
2387,0.886
2388,0.678
2389,0.602
2390,0.766
2391,0.686
2392,0.946
2393,0.776
2394,0.85
2395,0.686
2396,0.754
2397,0.542
2398,0.976
2399,0.978
2400,0.88
2401,0.512
2402,0.666
2403,0.894
2404,0.952
2405,0.622
2406,0.552
2407,0.76
2408,0.984
2409,0.85
2410,0.844
2411,0.572
2412,0.982
2413,0.56
2414,0.52
2415,0.76
2416,0.784
2417,0.712
2418,0.796
2419,0.906
2420,0.634
2421,0.69
2422,0.674
2423,0.896
2424,0.54
2425,0.514
2426,0.528
2427,0.902
2428,0.926
2429,0.604
2430,0.504
2431,0.836
2432,0.786
2433,0.712
2434,0.944
2435,0.874
2436,0.808
2437,0.604
2438,0.93
2439,0.568
2440,0.798
2441,0.846
2442,0.95
2443,0.7
2444,1
2445,0.85
2446,0.94
2447,0.872
2448,0.73
2449,0.55
2450,0.596
2451,0.978
2452,0.81
2453,0.682
2454,0.984
2455,0.914
2456,0.714
2457,0.77
2458,0.868
2459,0.96
2460,0.992
2461,0.646
2462,0.668
2463,0.914
2464,0.856
2465,0.694
2466,0.55
2467,0.894
2468,0.958
2469,0.802
2470,0.8
2471,0.732
2472,0.586
2473,0.948
2474,0.67
2475,0.696
2476,0.984
2477,0.958
2478,0.602
2479,0.98
2480,0.93
2481,0.606
2482,0.842
2483,0.518
2484,0.732
2485,0.886
2486,0.824
2487,0.95
2488,0.846
2489,0.588
2490,0.948
2491,0.662
2492,0.806
2493,0.658
2494,0.84
2495,0.994
2496,0.8
2497,0.984
2498,0.54
2499,0.504
2500,0.778
2501,0.78
2502,0.822
2503,0.99
2504,0.94
2505,0.87
2506,0.554
2507,0.95
2508,0.618
2509,0.822
2510,0.638
2511,0.978
2512,0.752
2513,0.532
2514,0.956
2515,0.786
2516,0.946
2517,0.528
2518,0.524
2519,0.972
2520,0.856
2521,0.942
2522,0.756
2523,0.664
2524,0.844
2525,0.914
2526,0.882
2527,0.992
2528,0.992
2529,0.8
2530,0.54
2531,0.61
2532,0.708
2533,0.528
2534,0.984
2535,0.652
2536,0.504
2537,0.84
2538,0.842
2539,0.71
2540,0.52
2541,0.558
2542,0.546
2543,0.894
2544,0.532
2545,0.984
2546,0.968
2547,0.564
2548,0.622
2549,0.962
2550,0.598
2551,0.638
2552,0.974
2553,0.594
2554,0.954
2555,0.788
2556,0.658
2557,0.502
2558,0.558
2559,0.866
2560,0.628
2561,0.848
2562,0.822
2563,0.842
2564,0.928
2565,0.66
2566,0.59
2567,0.632
2568,0.978
2569,0.52
2570,0.886
2571,0.732
2572,0.966
2573,0.582
2574,0.538
2575,0.714
2576,0.686
2577,0.776
2578,0.836
2579,0.858
2580,0.54
2581,0.804
2582,0.924
2583,0.556
2584,0.808
2585,0.73
2586,0.592
2587,0.588
2588,0.968
2589,0.724
2590,0.712
2591,0.836
2592,1
2593,0.844
2594,0.616
2595,0.81
2596,0.828
2597,0.736
2598,0.916
2599,0.862
2600,0.86
2601,0.972
2602,0.748
2603,0.642
2604,0.992
2605,0.552
2606,0.774
2607,0.938
2608,0.942
2609,0.61
2610,0.504
2611,0.824
2612,0.896
2613,0.806
2614,0.944
2615,0.916
2616,0.8
2617,0.906
2618,0.564
2619,0.774
2620,0.522
2621,0.968
2622,0.946
2623,0.512
2624,0.988
2625,0.828
2626,0.516
2627,0.76
2628,0.934
2629,0.676
2630,0.616
2631,0.894
2632,0.606
2633,0.612
2634,0.62
2635,0.884
2636,0.984
2637,0.926
2638,0.51
2639,0.996
2640,0.69
2641,0.71
2642,0.936
2643,0.948
2644,0.598
2645,0.56
2646,0.77
2647,0.55
2648,0.868
2649,0.564
2650,0.638
2651,0.986
2652,0.71
2653,0.85
2654,0.59
2655,0.578
2656,0.906
2657,0.826
2658,0.67
2659,0.532
2660,0.622
2661,0.926
2662,0.77
2663,0.97
2664,0.634
2665,0.654
2666,0.824
2667,0.704
2668,0.568
2669,0.846
2670,0.76
2671,0.934
2672,0.806
2673,0.806
2674,0.534
2675,0.57
2676,0.828
2677,0.64
2678,0.954
2679,0.59
2680,0.71
2681,0.628
2682,0.872
2683,0.75
2684,0.61
2685,0.66
2686,0.77
2687,0.786
2688,0.956
2689,0.936
2690,0.618
2691,0.94
2692,0.996
2693,0.572
2694,0.98
2695,0.54
2696,0.566
2697,0.862
2698,0.866
2699,0.94
2700,0.598
2701,0.508
2702,0.856
2703,0.724
2704,0.948
2705,0.51
2706,0.578
2707,0.554
2708,0.934
2709,0.952
2710,0.616
2711,0.71
2712,0.64
2713,0.922
2714,0.564
2715,0.648
2716,0.98
2717,0.74
2718,0.858
2719,0.524
2720,0.798
2721,0.732
2722,0.666
2723,0.792
2724,0.934
2725,0.754
2726,0.898
2727,0.892
2728,0.994
2729,0.948
2730,0.526
2731,0.676
2732,0.94
2733,0.504
2734,0.926
2735,0.55
2736,0.566
2737,0.908
2738,0.722
2739,0.796
2740,0.628
2741,0.746
2742,0.91
2743,0.528
2744,0.85
2745,0.56
2746,0.71
2747,0.888
2748,0.99
2749,0.988
2750,0.62
2751,0.898
2752,0.716
2753,0.79
2754,0.692
2755,0.856
2756,0.866
2757,0.772
2758,0.834
2759,0.996
2760,0.608
2761,0.96
2762,0.746
2763,0.908
2764,0.592
2765,0.832
2766,0.704
2767,0.808
2768,0.852
2769,0.858
2770,0.838
2771,0.594
2772,0.796
2773,0.784
2774,0.764
2775,0.928
2776,0.768
2777,0.802
2778,0.754
2779,0.954
2780,0.974
2781,0.51
2782,0.806
2783,0.544
2784,0.884
2785,0.662
2786,0.582
2787,0.9
2788,0.552
2789,0.846
2790,0.912
2791,0.95
2792,0.944
2793,0.578
2794,0.64
2795,0.512
2796,0.522
2797,0.728
2798,0.528
2799,0.812
2800,0.632
2801,0.634
2802,0.62
2803,0.942
2804,0.718
2805,0.876
2806,0.732
2807,0.528
2808,0.984
2809,0.712
2810,0.792
2811,0.984
2812,0.576
2813,0.912
2814,0.926
2815,0.598
2816,0.72
2817,0.516
2818,0.964
2819,0.53
2820,0.716
2821,0.54
2822,0.92
2823,0.932
2824,0.656
2825,0.792
2826,0.538
2827,0.858
2828,0.798
2829,0.988
2830,0.614
2831,0.742
2832,0.994
2833,0.74
2834,0.546
2835,0.588
2836,0.7
2837,0.874
2838,0.982
2839,0.82
2840,0.608
2841,0.524
2842,0.802
2843,0.658
2844,0.994
2845,0.516
2846,0.632
2847,0.762
2848,0.904
2849,0.94
2850,0.748
2851,0.94
2852,0.908
2853,0.756
2854,0.982
2855,0.646
2856,0.992
2857,0.658
2858,0.98
2859,0.99
2860,0.576
2861,0.59
2862,0.648
2863,0.616
2864,0.522
2865,0.83
2866,0.982
2867,0.868
2868,0.834
2869,0.874
2870,0.676
2871,0.92
2872,0.774
2873,0.524
2874,0.782
2875,0.528
2876,0.698
2877,0.628
2878,0.696
2879,0.966
2880,0.858
2881,0.61
2882,0.6
2883,0.868
2884,0.65
2885,0.902
2886,0.548
2887,0.574
2888,0.986
2889,0.592
2890,0.958
2891,0.586
2892,0.604
2893,0.676
2894,0.582
2895,0.642
2896,0.96
2897,0.822
2898,0.648
2899,0.658
2900,0.828
2901,0.996
2902,0.894
2903,0.776
2904,0.692
2905,0.692
2906,0.89
2907,0.764
2908,0.722
2909,0.994
2910,0.604
2911,0.786
2912,0.504
2913,0.934
2914,0.912
2915,0.806
2916,0.572
2917,0.818
2918,0.54
2919,0.824
2920,0.558
2921,0.566
2922,0.64
2923,0.502
2924,0.592
2925,0.792
2926,0.59
2927,0.754
2928,0.914
2929,0.818
2930,0.934
2931,0.528
2932,0.586
2933,0.946
2934,0.6
2935,0.734
2936,0.682
2937,0.782
2938,0.82
2939,0.708
2940,0.886
2941,0.542
2942,0.858
2943,0.54
2944,0.938
2945,0.922
2946,0.974
2947,0.55
2948,0.528
2949,0.954
2950,0.548
2951,0.822
2952,0.832
2953,0.826
2954,0.704
2955,0.626
2956,0.786
2957,0.766
2958,0.68
2959,0.822
2960,0.674
2961,0.798
2962,0.584
2963,0.564
2964,0.9
2965,0.786
2966,0.73
2967,0.862
2968,0.818
2969,0.792
2970,0.654
2971,0.73
2972,0.858
2973,0.812
2974,0.656
2975,0.972
2976,0.564
2977,0.802
2978,0.764
2979,0.874
2980,0.874
2981,0.714
2982,0.982
2983,0.976
2984,0.874
2985,0.766
2986,0.752
2987,0.558
2988,0.982
2989,0.53
2990,0.666
2991,0.644
2992,0.966
2993,0.748
2994,0.628
2995,0.512
2996,0.564
2997,0.88
2998,0.586
2999,0.564
3000,0.686
3001,0.686
3002,0.572
3003,0.53
3004,0.842
3005,0.808
3006,0.65
3007,0.908
3008,0.962
3009,0.89
3010,0.552
3011,0.696
3012,0.926
3013,0.774
3014,0.818
3015,0.858
3016,0.744
3017,0.736
3018,0.89
3019,0.5
3020,0.758
3021,0.636
3022,0.542
3023,0.962
3024,0.7
3025,0.864
3026,0.722
3027,0.624
3028,0.968
3029,0.966
3030,0.632
3031,0.816
3032,0.964
3033,0.922
3034,0.984
3035,0.852
3036,0.662
3037,0.532
3038,0.81
3039,0.512
3040,0.796
3041,0.754
3042,0.52
3043,0.66
3044,0.742
3045,0.57
3046,0.982
3047,0.512
3048,0.986
3049,0.896
3050,0.622
3051,0.978
3052,0.976
3053,0.804
3054,0.958
3055,0.624
3056,0.778
3057,0.614
3058,0.526
3059,0.918
3060,0.752
3061,0.834
3062,0.78
3063,0.86
3064,0.764
3065,0.802
3066,0.928
3067,0.828
3068,0.824
3069,0.912
3070,0.536
3071,0.764
3072,0.954
3073,0.782
3074,0.674
3075,0.956
3076,0.992
3077,0.882
3078,0.978
3079,0.984
3080,0.978
3081,0.54
3082,0.822
3083,0.76
3084,0.532
3085,0.752
3086,0.772
3087,0.99
3088,0.844
3089,0.786
3090,0.768
3091,0.85
3092,1
3093,0.536
3094,0.762
3095,0.748
3096,0.816
3097,0.534
3098,0.968
3099,0.568
3100,0.574
3101,0.804
3102,0.894
3103,0.672
3104,0.726
3105,0.988
3106,0.984
3107,0.996
3108,0.868
3109,0.916
3110,0.624
3111,0.954
3112,0.542
3113,0.556
3114,0.844
3115,0.552
3116,0.538
3117,0.7
3118,0.766
3119,0.966
3120,0.834
3121,0.858
3122,0.566
3123,0.64
3124,0.732
3125,0.956
3126,0.568
3127,0.812
3128,0.544
3129,0.904
3130,0.784
3131,0.7
3132,0.886
3133,0.88
3134,0.85
3135,0.862
3136,0.79
3137,0.82
3138,0.758
3139,0.766
3140,0.904
3141,0.78
3142,0.66
3143,0.956
3144,0.792
3145,0.94
3146,0.836
3147,1
3148,0.622
3149,0.672
3150,0.864
3151,0.93
3152,0.918
3153,0.526
3154,0.664
3155,0.888
3156,0.736
3157,0.97
3158,0.52
3159,0.978
3160,0.69
3161,0.59
3162,0.884
3163,0.596
3164,0.562
3165,0.678
3166,0.66
3167,0.696
3168,0.652
3169,0.656
3170,0.5
3171,0.912
3172,0.598
3173,0.974
3174,0.916
3175,0.602
3176,0.944
3177,0.812
3178,0.69
3179,0.888
3180,0.714
3181,0.586
3182,0.844
3183,0.874
3184,0.562
3185,0.942
3186,0.914
3187,0.788
3188,0.524
3189,0.768
3190,0.946
3191,0.992
3192,0.638
3193,0.932
3194,0.85
3195,0.528
3196,0.734
3197,0.62
3198,0.812
3199,0.658
3200,0.944
3201,0.92
3202,0.506
3203,0.97
3204,0.74
3205,0.632
3206,0.666
3207,0.894
3208,0.714
3209,0.942
3210,0.518
3211,0.59
3212,0.51
3213,0.612
3214,0.78
3215,0.77
3216,0.55
3217,0.794
3218,0.548
3219,0.976
3220,0.59
3221,0.836
3222,0.834
3223,0.596
3224,0.644
3225,0.882
3226,0.656
3227,0.58
3228,0.746
3229,0.702
3230,0.624
3231,0.852
3232,0.77
3233,0.686
3234,0.732
3235,0.886
3236,0.956
3237,0.578
3238,0.786
3239,0.996
3240,0.862
3241,0.588
3242,0.684
3243,0.562
3244,0.872
3245,0.852
3246,0.752
3247,0.898
3248,0.808
3249,0.668
3250,0.936
3251,0.904
3252,1
3253,0.5
3254,0.994
3255,0.536
3256,0.988
3257,0.996
3258,0.552
3259,0.638
3260,0.624
3261,0.596
3262,0.636
3263,0.546
3264,0.63
3265,0.526
3266,0.994
3267,0.552
3268,0.952
3269,0.708
3270,0.914
3271,0.788
3272,0.758
3273,0.59
3274,0.524
3275,0.866
3276,0.992
3277,0.652
3278,0.714
3279,0.598
3280,0.946
3281,0.938
3282,0.77
3283,0.802
3284,0.642
3285,0.968
3286,0.788
3287,0.924
3288,0.674
3289,0.646
3290,0.692
3291,0.998
3292,0.584
3293,0.918
3294,0.592
3295,0.626
3296,0.692
3297,0.97
3298,0.548
3299,0.738
3300,0.7
3301,0.626
3302,0.74
3303,0.602
3304,0.864
3305,0.97
3306,0.958
3307,0.854
3308,0.632
3309,0.8
3310,0.692
3311,0.884
3312,0.822
3313,0.962
3314,0.674
3315,0.67
3316,0.834
3317,0.56
3318,0.976
3319,0.594
3320,0.54
3321,0.906
3322,0.526
3323,0.536
3324,0.652
3325,0.948
3326,0.958
3327,0.646
3328,0.562
3329,0.838
3330,0.736
3331,0.592
3332,0.888
3333,0.674
3334,0.676
3335,0.766
3336,0.93
3337,0.964
3338,0.894
3339,0.884
3340,0.762
3341,0.964
3342,0.51
3343,0.71
3344,0.908
3345,0.634
3346,0.71
3347,0.958
3348,0.634
3349,0.626
3350,0.85
3351,0.514
3352,0.866
3353,0.84
3354,0.804
3355,0.932
3356,0.944
3357,0.97
3358,0.54
3359,0.646
3360,0.74
3361,0.992
3362,0.554
3363,0.946
3364,0.846
3365,0.708
3366,0.572
3367,0.584
3368,0.796
3369,0.53
3370,0.546
3371,0.982
3372,0.75
3373,0.986
3374,0.96
3375,0.932
3376,0.688
3377,0.532
3378,0.558
3379,0.816
3380,0.854
3381,0.854
3382,0.998
3383,0.734
3384,0.66
3385,0.772
3386,0.866
3387,0.728
3388,0.628
3389,0.54
3390,0.742
3391,0.61
3392,0.7
3393,0.91
3394,0.71
3395,0.682
3396,0.998
3397,0.71
3398,0.882
3399,0.624
3400,0.552
3401,0.698
3402,0.718
3403,0.978
3404,0.504
3405,0.914
3406,0.88
3407,0.57
3408,0.522
3409,0.784
3410,0.724
3411,0.996
3412,0.528
3413,0.674
3414,0.958
3415,0.666
3416,0.768
3417,0.676
3418,0.59
3419,0.534
3420,0.694
3421,0.626
3422,0.646
3423,0.556
3424,0.97
3425,0.954
3426,0.642
3427,0.51
3428,0.986
3429,0.628
3430,0.792
3431,0.98
3432,0.85
3433,0.7
3434,0.804
3435,0.508
3436,0.928
3437,0.722
3438,0.882
3439,0.894
3440,0.792
3441,0.976
3442,0.988
3443,0.86
3444,0.894
3445,0.75
3446,0.702
3447,0.51
3448,0.894
3449,0.718
3450,0.546
3451,0.844
3452,0.862
3453,0.922
3454,0.892
3455,0.922
3456,0.594
3457,0.85
3458,0.998
3459,0.73
3460,0.558
3461,0.938
3462,0.506
3463,0.93
3464,0.64
3465,0.976
3466,0.674
3467,0.71
3468,0.956
3469,0.532
3470,0.934
3471,0.874
3472,0.928
3473,0.648
3474,0.6
3475,0.758
3476,0.81
3477,0.8
3478,0.916
3479,0.546
3480,0.992
3481,0.662
3482,0.954
3483,0.892
3484,0.668
3485,0.876
3486,0.836
3487,0.9
3488,0.548
3489,0.956
3490,0.632
3491,0.556
3492,0.95
3493,0.68
3494,0.562
3495,0.97
3496,0.692
3497,0.772
3498,0.89
3499,0.99
3500,0.604
3501,0.916
3502,0.792
3503,0.966
3504,0.568
3505,0.508
3506,0.904
3507,0.782
3508,0.606
3509,0.76
3510,0.728
3511,0.684
3512,0.936
3513,0.942
3514,0.986
3515,0.728
3516,0.526
3517,0.668
3518,0.626
3519,0.976
3520,0.544
3521,0.74
3522,0.53
3523,0.768
3524,0.58
3525,0.838
3526,0.968
3527,0.764
3528,0.704
3529,0.706
3530,0.536
3531,0.628
3532,0.944
3533,0.946
3534,0.788
3535,0.72
3536,0.7
3537,0.928
3538,0.722
3539,0.95
3540,0.792
3541,0.982
3542,0.862
3543,0.682
3544,0.714
3545,0.988
3546,0.606
3547,0.586
3548,0.536
3549,0.646
3550,0.548
3551,0.998
3552,0.864
3553,0.652
3554,0.754
3555,0.534
3556,0.826
3557,0.946
3558,0.59
3559,0.52
3560,0.574
3561,0.726
3562,0.968
3563,0.662
3564,0.722
3565,0.832
3566,0.614
3567,0.564
3568,0.916
3569,0.96
3570,0.996
3571,0.774
3572,0.964
3573,0.556
3574,0.926
3575,0.596
3576,0.754
3577,0.934
3578,0.716
3579,0.546
3580,0.58
3581,0.758
3582,0.782
3583,0.978
3584,0.976
3585,0.764
3586,0.87
3587,0.556
3588,0.566
3589,0.698
3590,0.706
3591,0.516
3592,0.86
3593,0.744
3594,0.692
3595,0.524
3596,0.504
3597,0.652
3598,0.746
3599,0.888
3600,0.764
3601,0.598
3602,0.612
3603,0.88
3604,0.662
3605,0.618
3606,0.634
3607,0.748
3608,0.87
3609,0.942
3610,0.74
3611,0.648
3612,0.978
3613,0.52
3614,0.666
3615,0.59
3616,0.788
3617,0.846
3618,0.786
3619,0.86
3620,0.982
3621,0.668
3622,0.968
3623,0.804
3624,0.992
3625,0.586
3626,0.768
3627,0.736
3628,0.998
3629,0.87
3630,0.804
3631,0.792
3632,0.876
3633,0.686
3634,0.974
3635,0.902
3636,0.732
3637,0.62
3638,0.844
3639,0.758
3640,0.72
3641,0.548
3642,0.992
3643,0.816
3644,0.942
3645,0.762
3646,0.642
3647,0.558
3648,0.942
3649,0.732
3650,0.62
3651,0.924
3652,0.924
3653,0.732
3654,0.852
3655,0.552
3656,0.544
3657,0.77
3658,0.904
3659,0.836
3660,0.798
3661,0.66
3662,0.668
3663,0.626
3664,0.824
3665,0.904
3666,0.568
3667,0.626
3668,0.928
3669,0.992
3670,0.784
3671,0.52
3672,0.534
3673,0.772
3674,0.986
3675,0.746
3676,0.698
3677,0.988
3678,0.974
3679,0.732
3680,0.908
3681,0.586
3682,0.724
3683,0.654
3684,0.554
3685,0.502
3686,0.624
3687,0.714
3688,0.702
3689,0.68
3690,0.604
3691,0.994
3692,0.57
3693,0.512
3694,0.91
3695,0.766
3696,0.658
3697,0.946
3698,0.658
3699,0.984
3700,0.736
3701,0.99
3702,0.722
3703,0.784
3704,0.826
3705,0.79
3706,0.798
3707,0.706
3708,0.964
3709,0.718
3710,0.846
3711,0.514
3712,0.524
3713,0.646
3714,0.56
3715,0.994
3716,0.728
3717,0.98
3718,0.81
3719,0.72
3720,0.944
3721,0.708
3722,0.704
3723,0.896
3724,0.716
3725,0.99
3726,0.96
3727,0.964
3728,0.832
3729,0.94
3730,0.948
3731,0.876
3732,0.998
3733,0.632
3734,0.804
3735,0.966
3736,0.528
3737,0.902
3738,0.702
3739,0.57
3740,0.776
3741,0.59
3742,0.91
3743,0.582
3744,0.694
3745,0.912
3746,0.51
3747,0.81
3748,0.864
3749,0.592
3750,0.59
3751,0.984
3752,0.976
3753,0.504
3754,0.678
3755,0.932
3756,0.726
3757,0.924
3758,0.878
3759,0.996
3760,0.626
3761,0.964
3762,0.632
3763,0.678
3764,0.886
3765,0.562
3766,0.598
3767,0.516
3768,0.78
3769,0.94
3770,0.632
3771,0.954
3772,0.676
3773,0.542
3774,0.882
3775,0.802
3776,0.894
3777,0.534
3778,0.906
3779,0.68
3780,0.566
3781,0.828
3782,0.56
3783,0.6
3784,0.57
3785,0.938
3786,0.856
3787,0.702
3788,0.586
3789,0.612
3790,0.676
3791,0.634
3792,0.54
3793,0.93
3794,0.984
3795,0.936
3796,0.974
3797,0.88
3798,0.622
3799,0.844
3800,0.77
3801,0.93
3802,0.604
3803,0.962
3804,0.57
3805,0.988
3806,0.82
3807,0.952
3808,0.766
3809,0.748
3810,0.81
3811,0.516
3812,0.54
3813,0.562
3814,0.876
3815,0.86
3816,0.858
3817,0.966
3818,0.71
3819,0.914
3820,0.978
3821,0.714
3822,0.704
3823,0.54
3824,0.554
3825,0.698
3826,0.904
3827,0.934
3828,0.848
3829,0.642
3830,0.776
3831,0.886
3832,0.99
3833,0.9
3834,0.968
3835,0.636
3836,0.908
3837,0.974
3838,0.692
3839,0.994
3840,0.842
3841,0.976
3842,0.916
3843,0.584
3844,0.986
3845,0.772
3846,0.584
3847,0.62
3848,0.662
3849,0.534
3850,0.782
3851,0.596
3852,0.92
3853,0.664
3854,0.614
3855,0.73
3856,0.684
3857,0.892
3858,0.958
3859,0.668
3860,0.624
3861,0.536
3862,0.94
3863,0.638
3864,0.986
3865,0.736
3866,0.908
3867,0.564
3868,0.94
3869,0.522
3870,0.872
3871,0.784
3872,0.99
3873,0.794
3874,0.728
3875,0.828
3876,0.936
3877,0.896
3878,0.55
3879,0.954
3880,0.792
3881,0.958
3882,0.85
3883,0.66
3884,0.504
3885,0.962
3886,0.688
3887,0.972
3888,0.806
3889,0.724
3890,0.878
3891,0.85
3892,0.654
3893,0.578
3894,0.848
3895,0.812
3896,0.674
3897,0.902
3898,0.688
3899,0.616
3900,0.906
3901,0.8
3902,0.54
3903,0.542
3904,0.95
3905,0.778
3906,0.584
3907,0.828
3908,0.816
3909,0.904
3910,0.786
3911,0.922
3912,0.81
3913,0.506
3914,0.814
3915,0.996
3916,0.61
3917,0.972
3918,0.9
3919,0.624
3920,0.808
3921,0.718
3922,0.864
3923,0.96
3924,0.624
3925,0.612
3926,0.958
3927,0.504
3928,0.774
3929,0.97
3930,0.876
3931,0.972
3932,0.94
3933,0.756
3934,0.888
3935,0.918
3936,0.912
3937,0.734
3938,0.93
3939,0.67
3940,0.582
3941,0.812
3942,0.916
3943,0.672
3944,0.654
3945,0.94
3946,0.9
3947,0.718
3948,0.644
3949,0.554
3950,0.982
3951,0.508
3952,0.88
3953,0.756
3954,0.518
3955,0.786
3956,0.608
3957,0.978
3958,0.846
3959,0.968
3960,0.822
3961,0.824
3962,0.518
3963,0.528
3964,0.718
3965,0.544
3966,0.706
3967,0.73
3968,0.81
3969,0.518
3970,0.828
3971,0.98
3972,0.658
3973,0.94
3974,0.762
3975,0.92
3976,0.828
3977,0.99
3978,0.908
3979,0.54
3980,0.688
3981,0.926
3982,0.956
3983,0.666
3984,0.87
3985,0.73
3986,0.562
3987,0.988
3988,0.632
3989,0.898
3990,0.926
3991,0.904
3992,0.608
3993,0.526
3994,0.756
3995,0.886
3996,0.55
3997,0.794
3998,0.926
3999,0.91
4000,0.946
4001,0.9
4002,0.866
4003,0.52
4004,0.74
4005,0.75
4006,0.502
4007,0.752
4008,0.542
4009,0.53
4010,0.968
4011,0.71
4012,0.904
4013,0.792
4014,0.554
4015,0.906
4016,0.762
4017,0.882
4018,0.518
4019,0.976
4020,0.708
4021,0.836
4022,0.758
4023,0.62
4024,0.508
4025,0.604
4026,0.56
4027,0.95
4028,0.578
4029,0.54
4030,0.596
4031,0.956
4032,0.842
4033,0.862
4034,0.97
4035,0.546
4036,0.828
4037,0.74
4038,0.988
4039,0.744
4040,0.59
4041,0.99
4042,0.986
4043,0.728
4044,0.534
4045,0.502
4046,0.602
4047,0.984
4048,0.976
4049,0.546
4050,0.696
4051,0.6
4052,0.59
4053,0.738
4054,0.898
4055,0.848
4056,0.942
4057,0.998
4058,0.606
4059,0.504
4060,0.694
4061,0.99
4062,0.822
4063,0.766
4064,0.63
4065,0.816
4066,0.836
4067,0.644
4068,0.888
4069,0.52
4070,0.83
4071,0.934
4072,0.728
4073,0.77
4074,0.962
4075,0.714
4076,0.716
4077,0.974
4078,0.566
4079,0.944
4080,0.546
4081,0.842
4082,0.504
4083,0.566
4084,0.542
4085,0.948
4086,0.79
4087,0.626
4088,0.526
4089,0.62
4090,0.926
4091,0.538
4092,0.694
4093,0.702
4094,0.72
4095,0.616
4096,0.796
4097,0.518
4098,0.5
4099,0.668
4100,0.966
4101,0.692
4102,0.666
4103,0.632
4104,0.848
4105,0.632
4106,0.752
4107,0.83
4108,0.626
4109,0.55
4110,0.88
4111,0.852
4112,0.852
4113,0.982
4114,0.836
4115,0.912
4116,0.522
4117,0.854
4118,0.58
4119,0.962
4120,0.984
4121,0.936
4122,0.91
4123,0.67
4124,0.97
4125,0.516
4126,0.666
4127,0.69
4128,0.82
4129,0.872
4130,0.928
4131,0.984
4132,0.916
4133,0.774
4134,0.75
4135,0.584
4136,0.972
4137,0.992
4138,0.866
4139,0.926
4140,0.88
4141,0.756
4142,0.946
4143,0.844
4144,0.576
4145,0.708
4146,0.628
4147,0.842
4148,0.942
4149,0.974
4150,0.934
4151,0.566
4152,0.996
4153,0.872
4154,0.952
4155,0.874
4156,0.87
4157,0.708
4158,0.936
4159,0.604
4160,0.586
4161,0.906
4162,0.924
4163,0.7
4164,0.906
4165,0.86
4166,0.796
4167,0.56
4168,0.982
4169,0.956
4170,0.582
4171,0.678
4172,0.81
4173,0.528
4174,0.81
4175,0.726
4176,0.988
4177,0.868
4178,0.96
4179,0.66
4180,0.962
4181,0.974
4182,0.972
4183,0.58
4184,0.908
4185,0.942
4186,0.834
4187,0.544
4188,0.51
4189,0.702
4190,0.554
4191,0.776
4192,0.96
4193,0.83
4194,0.844
4195,0.558
4196,0.932
4197,0.528
4198,0.61
4199,0.68
4200,0.576
4201,0.826
4202,0.634
4203,0.524
4204,0.57
4205,0.586
4206,0.586
4207,0.586
4208,0.536
4209,0.618
4210,0.658
4211,0.604
4212,0.584
4213,0.64
4214,0.958
4215,0.724
4216,0.552
4217,0.924
4218,0.92
4219,0.958
4220,0.924
4221,0.888
4222,0.986
4223,0.72
4224,0.76
4225,0.822
4226,0.912
4227,0.55
4228,0.61
4229,0.982
4230,0.672
4231,0.554
4232,0.864
4233,0.55
4234,0.518
4235,0.738
4236,0.91
4237,0.638
4238,0.522
4239,0.534
4240,0.98
4241,0.718
4242,0.984
4243,0.95
4244,0.978
4245,0.86
4246,0.966
4247,0.56
4248,0.948
4249,0.572
4250,0.782
4251,0.65
4252,0.98
4253,0.906
4254,0.578
4255,0.952
4256,0.97
4257,0.668
4258,0.762
4259,0.66
4260,0.74
4261,0.644
4262,0.58
4263,0.556
4264,0.608
4265,0.73
4266,0.762
4267,0.98
4268,0.628
4269,0.726
4270,0.952
4271,0.954
4272,0.718
4273,0.558
4274,0.544
4275,0.624
4276,0.706
4277,0.774
4278,0.76
4279,0.766
4280,0.512
4281,0.556
4282,0.608
4283,0.878
4284,0.606
4285,0.954
4286,0.878
4287,0.96
4288,0.964
4289,0.576
4290,0.982
4291,0.836
4292,0.742
4293,0.93
4294,0.704
4295,0.7
4296,0.538
4297,0.798
4298,0.888
4299,0.972
4300,0.958
4301,0.976
4302,0.986
4303,0.986
4304,0.624
4305,0.542
4306,0.936
4307,0.926
4308,0.864
4309,0.914
4310,0.842
4311,0.548
4312,0.854
4313,0.984
4314,0.99
4315,0.528
4316,0.926
4317,0.51
4318,0.782
4319,0.586
4320,0.606
4321,0.924
4322,0.818
4323,0.618
4324,0.66
4325,0.704
4326,0.666
4327,0.6
4328,0.672
4329,0.86
4330,0.73
4331,0.76
4332,0.906
4333,0.984
4334,0.518
4335,0.95
4336,0.62
4337,0.504
4338,0.97
4339,0.522
4340,0.896
4341,0.928
4342,0.71
4343,0.692
4344,0.63
4345,0.59
4346,0.734
4347,0.914
4348,0.588
4349,0.578
4350,0.778
4351,0.844
4352,0.582
4353,0.53
4354,0.606
4355,0.846
4356,0.816
4357,0.62
4358,0.78
4359,0.97
4360,0.962
4361,0.504
4362,0.584
4363,0.862
4364,0.732
4365,0.63
4366,0.89
4367,0.722
4368,0.884
4369,0.942
4370,0.84
4371,0.656
4372,0.728
4373,0.518
4374,0.976
4375,0.876
4376,0.588
4377,0.74
4378,0.574
4379,0.954
4380,0.906
4381,0.736
4382,0.566
4383,0.834
4384,0.512
4385,0.67
4386,0.736
4387,0.654
4388,0.89
4389,0.972
4390,0.642
4391,0.764
4392,0.994
4393,0.734
4394,0.936
4395,0.898
4396,0.746
4397,0.956
4398,0.69
4399,0.924
4400,0.986
4401,0.778
4402,0.614
4403,0.76
4404,0.796
4405,0.674
4406,0.508
4407,0.938
4408,0.53
4409,0.594
4410,0.828
4411,0.606
4412,0.588
4413,0.67
4414,0.932
4415,0.982
4416,0.802
4417,0.6
4418,0.994
4419,0.5
4420,0.79
4421,0.986
4422,0.634
4423,0.726
4424,0.664
4425,0.904
4426,0.552
4427,0.956
4428,0.798
4429,0.838
4430,0.776
4431,0.844
4432,0.778
4433,0.508
4434,0.972
4435,0.57
4436,0.834
4437,0.784
4438,0.542
4439,0.768
4440,1
4441,0.964
4442,0.75
4443,0.528
4444,0.76
4445,0.986
4446,0.542
4447,0.56
4448,0.648
4449,0.98
4450,0.688
4451,0.858
4452,0.92
4453,0.572
4454,0.978
4455,0.774
4456,0.786
4457,0.862
4458,0.722
4459,0.934
4460,0.568
4461,0.98
4462,0.778
4463,0.982
4464,0.654
4465,0.98
4466,0.986
4467,0.594
4468,0.658
4469,0.56
4470,0.928
4471,0.816
4472,0.558
4473,0.824
4474,0.944
4475,0.586
4476,0.696
4477,0.514
4478,0.622
4479,0.948
4480,0.92
4481,0.904
4482,0.824
4483,0.658
4484,0.69
4485,0.846
4486,0.826
4487,0.868
4488,0.628
4489,0.946
4490,0.764
4491,0.966
4492,0.766
4493,0.568
4494,0.652
4495,0.694
4496,0.636
4497,0.938
4498,0.99
4499,0.714
4500,0.938
4501,0.908
4502,0.806
4503,0.656
4504,0.906
4505,0.794
4506,0.99
4507,0.526
4508,0.512
4509,0.89
4510,0.718
4511,0.938
4512,0.94
4513,0.77
4514,0.89
4515,0.904
4516,0.502
4517,0.906
4518,0.568
4519,0.656
4520,0.654
4521,0.512
4522,0.968
4523,0.796
4524,0.744
4525,0.524
4526,0.918
4527,0.558
4528,0.704
4529,0.646
4530,0.848
4531,0.8
4532,0.758
4533,0.712
4534,0.51
4535,0.826
4536,0.522
4537,0.542
4538,0.77
4539,0.976
4540,0.95
4541,0.676
4542,0.77
4543,0.73
4544,0.574
4545,0.754
4546,0.908
4547,0.992
4548,0.756
4549,0.748
4550,0.708
4551,0.83
4552,0.614
4553,0.96
4554,0.846
4555,0.532
4556,0.922
4557,0.822
4558,0.782
4559,0.626
4560,0.91
4561,0.976
4562,0.71
4563,0.962
4564,0.946
4565,0.71
4566,0.954
4567,0.834
4568,0.52
4569,0.732
4570,0.81
4571,0.54
4572,0.648
4573,0.872
4574,0.816
4575,0.966
4576,0.916
4577,0.596
4578,0.574
4579,0.93
4580,0.994
4581,0.924
4582,0.65
4583,0.6
4584,0.662
4585,0.752
4586,0.786
4587,0.646
4588,0.61
4589,0.518
4590,0.504
4591,0.682
4592,0.96
4593,0.8
4594,0.978
4595,0.942
4596,0.662
4597,0.854
4598,0.676
4599,0.648
4600,0.866
4601,0.842
4602,0.914
4603,0.964
4604,0.964
4605,0.632
4606,0.57
4607,0.824
4608,0.528
4609,0.768
4610,0.528
4611,0.594
4612,0.966
4613,0.828
4614,0.566
4615,0.632
4616,0.926
4617,0.674
4618,0.508
4619,0.83
4620,0.826
4621,0.756
4622,0.754
4623,0.71
4624,0.992
4625,0.504
4626,0.52
4627,0.952
4628,0.91
4629,0.85
4630,0.634
4631,0.536
4632,0.826
4633,0.75
4634,0.534
4635,0.636
4636,0.986
4637,0.872
4638,0.838
4639,0.72
4640,0.974
4641,0.654
4642,0.884
4643,0.964
4644,0.878
4645,0.606
4646,0.564
4647,0.992
4648,0.81
4649,0.624
4650,0.948
4651,0.944
4652,0.95
4653,0.75
4654,0.998
4655,0.764
4656,0.828
4657,0.73
4658,0.972
4659,0.984
4660,0.964
4661,0.904
4662,0.524
4663,0.646
4664,0.564
4665,0.902
4666,0.92
4667,0.954
4668,0.56
4669,0.854
4670,0.93
4671,0.564
4672,0.932
4673,0.986
4674,0.534
4675,0.624
4676,0.944
4677,0.724
4678,0.694
4679,0.55
4680,0.8
4681,0.94
4682,0.782
4683,0.774
4684,0.728
4685,0.668
4686,0.71
4687,0.982
4688,0.992
4689,0.916
4690,0.93
4691,0.902
4692,0.95
4693,0.846
4694,0.858
4695,0.83
4696,0.806
4697,0.668
4698,0.64
4699,0.632
4700,0.942
4701,0.952
4702,0.964
4703,0.652
4704,0.862
4705,0.71
4706,0.654
4707,0.524
4708,0.708
4709,0.676
4710,0.698
4711,0.968
4712,0.588
4713,0.74
4714,0.806
4715,0.942
4716,0.682
4717,0.954
4718,0.724
4719,0.516
4720,0.804
4721,0.966
4722,0.816
4723,0.908
4724,0.96
4725,0.952
4726,0.692
4727,0.868
4728,0.606
4729,0.756
4730,0.85
4731,0.74
4732,0.89
4733,0.946
4734,0.616
4735,0.686
4736,0.542
4737,0.836
4738,0.844
4739,0.604
4740,0.918
4741,0.774
4742,0.57
4743,0.778
4744,0.992
4745,0.952
4746,0.594
4747,0.808
4748,0.622
4749,0.756
4750,0.946
4751,0.636
4752,0.952
4753,0.702
4754,0.834
4755,0.976
4756,0.992
4757,0.912
4758,0.71
4759,0.79
4760,0.57
4761,0.574
4762,0.812
4763,0.604
4764,0.642
4765,0.828
4766,0.796
4767,0.936
4768,0.646
4769,0.826
4770,0.822
4771,0.824
4772,0.99
4773,0.92
4774,0.882
4775,0.506
4776,0.918
4777,0.536
4778,0.878
4779,0.792
4780,0.71
4781,0.878
4782,0.926
4783,0.804
4784,0.544
4785,0.512
4786,0.884
4787,0.64
4788,0.992
4789,0.866
4790,0.882
4791,0.896
4792,0.964
4793,0.52
4794,0.678
4795,0.934
4796,0.806
4797,0.658
4798,0.876
4799,0.902
4800,0.986
4801,0.842
4802,0.762
4803,0.698
4804,0.698
4805,0.87
4806,0.85
4807,0.564
4808,0.638
4809,0.68
4810,0.936
4811,0.56
4812,0.586
4813,0.822
4814,0.538
4815,0.724
4816,0.946
4817,0.604
4818,0.888
4819,0.872
4820,0.504
4821,0.882
4822,0.944
4823,0.778
4824,0.67
4825,0.91
4826,0.54
4827,0.694
4828,0.682
4829,0.944
4830,0.954
4831,0.89
4832,0.512
4833,0.5
4834,0.62
4835,0.738
4836,0.856
4837,0.838
4838,0.694
4839,0.918
4840,0.898
4841,0.54
4842,0.548
4843,0.706
4844,0.85
4845,0.91
4846,0.918
4847,0.558
4848,0.672
4849,0.648
4850,0.716
4851,0.728
4852,0.984
4853,0.644
4854,0.734
4855,0.644
4856,0.978
4857,0.97
4858,0.992
4859,0.556
4860,0.634
4861,0.678
4862,0.972
4863,0.612
4864,0.892
4865,0.634
4866,0.536
4867,0.656
4868,0.7
4869,0.912
4870,0.574
4871,0.746
4872,0.758
4873,0.51
4874,0.788
4875,0.804
4876,0.646
4877,0.684
4878,0.602
4879,0.726
4880,0.66
4881,0.908
4882,0.662
4883,0.53
4884,0.532
4885,0.854
4886,0.934
4887,0.856
4888,0.516
4889,0.914
4890,0.76
4891,0.556
4892,0.702
4893,0.79
4894,0.618
4895,0.866
4896,0.6
4897,0.544
4898,0.978
4899,0.774
4900,0.936
4901,0.862
4902,0.984
4903,0.992
4904,0.536
4905,0.91
4906,0.54
4907,0.734
4908,0.636
4909,0.52
4910,0.826
4911,0.802
4912,0.896
4913,0.868
4914,0.718
4915,0.736
4916,0.884
4917,0.782
4918,0.794
4919,0.762
4920,0.538
4921,0.96
4922,0.586
4923,0.988
4924,0.598
4925,0.84
4926,0.524
4927,0.78
4928,0.984
4929,0.522
4930,0.556
4931,0.588
4932,0.78
4933,0.928
4934,0.514
4935,0.822
4936,0.5
4937,0.798
4938,0.512
4939,0.858
4940,0.994
4941,0.902
4942,0.926
4943,0.982
4944,0.906
4945,0.54
4946,0.73
4947,0.564
4948,0.502
4949,0.746
4950,0.792
4951,0.696
4952,0.812
4953,0.936
4954,0.92
4955,0.832
4956,0.88
4957,0.938
4958,0.894
4959,0.892
4960,0.834
4961,0.984
4962,0.962
4963,0.94
4964,0.948
4965,0.926
4966,0.916
4967,0.684
4968,0.936
4969,0.736
4970,0.988
4971,0.714
4972,0.778
4973,0.978
4974,0.902
4975,0.886
4976,0.682
4977,0.758
4978,0.87
4979,0.574
4980,0.702
4981,0.752
4982,0.504
4983,0.672
4984,0.96
4985,0.772
4986,0.872
4987,0.888
4988,0.884
4989,0.786
4990,0.828
4991,0.656
4992,0.612
4993,0.766
4994,0.602
4995,0.918
4996,0.896
4997,0.61
4998,0.87
4999,0.52
5000,0.502
5001,0.926
5002,0.778
5003,0.68
5004,0.776
5005,0.74
5006,0.636
5007,0.63
5008,0.662
5009,0.57
5010,0.922
5011,0.926
5012,0.76
5013,0.8
5014,0.666
5015,0.554
5016,0.902
5017,0.732
5018,0.798
5019,0.598
5020,0.544
5021,0.97
5022,0.632
5023,0.63
5024,0.866
5025,0.758
5026,0.586
5027,0.748
5028,0.72
5029,0.686
5030,0.822
5031,0.538
5032,0.52
5033,0.692
5034,0.632
5035,0.562
5036,0.624
5037,0.598
5038,0.644
5039,0.696
5040,0.512
5041,0.956
5042,0.59
5043,0.578
5044,0.842
5045,0.926
5046,0.58
5047,0.898
5048,0.524
5049,0.658
5050,0.662
5051,0.69
5052,0.786
5053,0.616
5054,0.98
5055,0.9
5056,0.61
5057,0.982
5058,0.766
5059,0.996
5060,0.622
5061,0.886
5062,0.5
5063,0.756
5064,0.798
5065,0.916
5066,0.814
5067,0.986
5068,0.662
5069,0.67
5070,0.97
5071,0.962
5072,0.958
5073,0.77
5074,0.79
5075,0.862
5076,0.752
5077,0.564
5078,0.688
5079,0.97
5080,0.608
5081,0.538
5082,0.876
5083,0.99
5084,0.944
5085,0.802
5086,0.94
5087,0.89
5088,0.822
5089,0.818
5090,0.956
5091,0.69
5092,0.706
5093,0.808
5094,0.576
5095,0.998
5096,0.918
5097,0.73
5098,0.936
5099,0.562
5100,0.98
5101,0.526
5102,0.914
5103,0.822
5104,0.564
5105,0.528
5106,0.976
5107,0.528
5108,0.562
5109,0.888
5110,0.818
5111,0.536
5112,0.614
5113,0.704
5114,0.96
5115,0.692
5116,0.984
5117,0.586
5118,0.6
5119,0.982
5120,0.982
5121,0.602
5122,0.97
5123,0.514
5124,0.608
5125,0.574
5126,0.972
5127,0.668
5128,0.574
5129,0.934
5130,0.564
5131,0.906
5132,0.92
5133,0.608
5134,0.54
5135,0.806
5136,0.674
5137,0.518
5138,0.794
5139,0.89
5140,0.966
5141,0.616
5142,0.924
5143,0.506
5144,0.902
5145,0.516
5146,0.972
5147,0.632
5148,0.648
5149,0.984
5150,0.954
5151,0.896
5152,0.774
5153,0.946
5154,0.94
5155,0.712
5156,0.83
5157,0.748
5158,0.926
5159,0.554
5160,0.866
5161,0.518
5162,0.508
5163,0.79
5164,0.948
5165,0.624
5166,0.524
5167,0.79
5168,0.92
5169,0.736
5170,0.79
5171,0.78
5172,0.806
5173,0.784
5174,0.642
5175,0.738
5176,0.944
5177,0.62
5178,0.518
5179,0.768
5180,0.99
5181,0.676
5182,0.568
5183,0.536
5184,0.65
5185,0.568
5186,0.98
5187,0.632
5188,0.872
5189,0.954
5190,0.54
5191,0.698
5192,0.834
5193,0.856
5194,0.884
5195,0.56
5196,0.65
5197,0.73
5198,0.646
5199,0.656
5200,0.846
5201,0.774
5202,0.668
5203,0.506
5204,0.504
5205,0.678
5206,0.656
5207,0.54
5208,0.982
5209,0.97
5210,0.78
5211,0.818
5212,0.608
5213,0.68
5214,0.796
5215,0.754
5216,0.76
5217,0.896
5218,0.758
5219,0.984
5220,0.638
5221,0.892
5222,0.814
5223,0.508
5224,0.622
5225,0.63
5226,0.852
5227,0.922
5228,0.738
5229,0.56
5230,0.866
5231,0.972
5232,0.786
5233,0.68
5234,0.616
5235,0.534
5236,0.564
5237,0.958
5238,0.736
5239,0.706
5240,0.726
5241,0.966
5242,0.61
5243,0.554
5244,0.662
5245,0.984
5246,0.626
5247,0.934
5248,0.986
5249,0.594
5250,0.882
5251,0.57
5252,0.834
5253,0.77
5254,0.634
5255,0.722
5256,0.56
5257,0.664
5258,0.882
5259,0.984
5260,0.97
5261,0.68
5262,0.546
5263,0.992
5264,0.776
5265,0.722
5266,0.938
5267,0.958
5268,0.79
5269,0.542
5270,0.778
5271,0.656
5272,0.754
5273,0.884
5274,0.612
5275,0.972
5276,0.96
5277,0.722
5278,0.512
5279,0.824
5280,0.784
5281,0.892
5282,0.8
5283,0.98
5284,0.608
5285,0.968
5286,0.812
5287,0.794
5288,0.844
5289,0.75
5290,0.626
5291,0.796
5292,0.618
5293,0.66
5294,0.526
5295,0.556
5296,0.714
5297,0.612
5298,0.606
5299,0.696
5300,0.898
5301,0.942
5302,0.576
5303,0.65
5304,0.92
5305,0.504
5306,0.528
5307,0.748
5308,0.898
5309,0.924
5310,0.948
5311,0.926
5312,0.912
5313,0.886
5314,0.96
5315,0.57
5316,0.848
5317,0.718
5318,0.904
5319,0.998
5320,0.546
5321,0.634
5322,0.604
5323,0.904
5324,0.668
5325,0.776
5326,0.914
5327,0.776
5328,0.928
5329,0.972
5330,0.748
5331,0.572
5332,0.658
5333,0.736
5334,0.716
5335,0.868
5336,0.564
5337,0.788
5338,0.974
5339,0.976
5340,0.908
5341,0.622
5342,0.574
5343,0.542
5344,0.968
5345,0.738
5346,0.702
5347,0.568
5348,0.724
5349,0.644
5350,0.992
5351,0.694
5352,0.624
5353,0.876
5354,0.954
5355,0.564
5356,0.634
5357,0.546
5358,0.972
5359,0.922
5360,0.6
5361,0.548
5362,0.936
5363,0.672
5364,0.834
5365,0.862
5366,0.54
5367,0.69
5368,0.576
5369,0.796
5370,0.954
5371,0.742
5372,0.9
5373,0.568
5374,0.758
5375,0.864
5376,0.78
5377,0.72
5378,0.526
5379,0.852
5380,0.968
5381,0.642
5382,0.874
5383,0.664
5384,0.638
5385,0.836
5386,0.838
5387,0.952
5388,0.774
5389,0.882
5390,0.79
5391,0.794
5392,0.792
5393,0.534
5394,0.9
5395,0.586
5396,0.86
5397,0.528
5398,0.564
5399,0.532
5400,0.502
5401,0.824
5402,0.768
5403,0.954
5404,0.642
5405,0.886
5406,0.776
5407,0.55
5408,0.664
5409,0.76
5410,0.752
5411,0.72
5412,0.622
5413,0.608
5414,0.58
5415,0.988
5416,0.788
5417,0.734
5418,0.94
5419,0.974
5420,0.972
5421,0.83
5422,0.68
5423,0.78
5424,0.586
5425,0.566
5426,0.556
5427,0.982
5428,0.61
5429,0.722
5430,0.956
5431,0.79
5432,0.806
5433,0.51
5434,0.788
5435,0.69
5436,0.764
5437,0.942
5438,0.95
5439,0.806
5440,0.854
5441,0.826
5442,0.824
5443,0.986
5444,0.596
5445,0.818
5446,0.968
5447,0.724
5448,0.632
5449,0.634
5450,0.696
5451,0.754
5452,0.568
5453,0.828
5454,0.794
5455,0.55
5456,0.892
5457,0.744
5458,0.888
5459,0.688
5460,0.868
5461,0.91
5462,0.914
5463,0.962
5464,0.76
5465,0.5
5466,0.974
5467,0.98
5468,0.938
5469,0.792
5470,0.538
5471,0.566
5472,0.922
5473,0.798
5474,0.912
5475,0.988
5476,0.678
5477,0.996
5478,0.51
5479,0.634
5480,0.918
5481,0.6
5482,0.764
5483,0.534
5484,0.694
5485,0.742
5486,0.698
5487,0.822
5488,0.816
5489,0.69
5490,0.686
5491,0.952
5492,0.834
5493,0.656
5494,0.882
5495,0.692
5496,0.98
5497,0.758
5498,0.792
5499,0.528
5500,0.514
5501,0.62
5502,0.53
5503,0.548
5504,0.758
5505,0.73
5506,0.96
5507,0.828
5508,0.722
5509,0.988
5510,0.732
5511,0.538
5512,0.528
5513,0.886
5514,0.56
5515,0.656
5516,0.982
5517,0.676
5518,0.62
5519,0.8
5520,0.982
5521,0.528
5522,0.65
5523,0.582
5524,0.694
5525,0.83
5526,0.896
5527,0.912
5528,0.846
5529,0.59
5530,0.88
5531,0.714
5532,0.994
5533,0.984
5534,0.924
5535,0.508
5536,0.698
5537,0.732
5538,0.66
5539,0.886
5540,0.92
5541,0.51
5542,0.55
5543,0.56
5544,0.746
5545,0.702
5546,0.588
5547,0.65
5548,0.804
5549,0.54
5550,0.856
5551,0.55
5552,0.976
5553,0.626
5554,0.662
5555,0.984
5556,0.874
5557,0.826
5558,0.91
5559,0.994
5560,0.664
5561,0.724
5562,0.53
5563,0.992
5564,0.938
5565,0.972
5566,0.526
5567,0.574
5568,0.742
5569,0.526
5570,0.626
5571,0.572
5572,0.608
5573,0.734
5574,0.58
5575,0.628
5576,0.742
5577,0.98
5578,0.964
5579,0.666
5580,0.656
5581,0.982
5582,0.608
5583,0.578
5584,0.968
5585,0.952
5586,0.734
5587,0.766
5588,0.872
5589,0.974
5590,0.586
5591,0.96
5592,0.742
5593,0.904
5594,0.87
5595,0.614
5596,0.728
5597,0.866
5598,0.522
5599,0.81
5600,0.982
5601,0.636
5602,0.76
5603,0.532
5604,0.538
5605,0.99
5606,0.758
5607,0.978
5608,0.762
5609,0.502
5610,0.89
5611,0.988
5612,0.594
5613,0.594
5614,0.888
5615,0.714
5616,0.838
5617,0.804
5618,0.61
5619,0.55
5620,0.568
5621,0.626
5622,0.872
5623,0.936
5624,0.854
5625,0.67
5626,0.716
5627,0.6
5628,0.59
5629,0.588
5630,0.864
5631,0.698
5632,0.568
5633,0.586
5634,0.802
5635,0.656
5636,0.752
5637,0.788
5638,0.802
5639,0.524
5640,0.512
5641,0.602
5642,0.896
5643,0.666
5644,0.876
5645,0.518
5646,0.802
5647,0.974
5648,0.608
5649,0.67
5650,0.78
5651,0.678
5652,0.726
5653,0.77
5654,0.598
5655,0.956
5656,0.918
5657,0.704
5658,0.752
5659,0.73
5660,0.628
5661,0.902
5662,0.718
5663,0.758
5664,0.794
5665,0.938
5666,0.794
5667,0.728
5668,0.702
5669,0.904
5670,0.658
5671,0.68
5672,0.678
5673,0.742
5674,0.738
5675,0.808
5676,0.548
5677,0.784
5678,0.704
5679,0.932
5680,0.632
5681,0.842
5682,0.93
5683,0.558
5684,0.654
5685,0.96
5686,0.61
5687,0.678
5688,0.504
5689,0.938
5690,0.688
5691,0.87
5692,0.948
5693,0.522
5694,0.506
5695,0.578
5696,0.946
5697,0.67
5698,0.704
5699,0.816
5700,0.852
5701,0.714
5702,0.53
5703,0.706
5704,0.566
5705,0.73
5706,0.54
5707,0.764
5708,0.806
5709,0.896
5710,0.824
5711,0.952
5712,0.624
5713,0.976
5714,0.802
5715,0.544
5716,0.872
5717,0.788
5718,0.872
5719,0.574
5720,0.75
5721,0.766
5722,0.52
5723,0.922
5724,0.986
5725,0.618
5726,0.694
5727,0.958
5728,0.6
5729,0.85
5730,0.982
5731,0.722
5732,0.664
5733,0.824
5734,0.942
5735,0.938
5736,0.928
5737,0.97
5738,0.842
5739,0.782
5740,0.758
5741,0.998
5742,0.962
5743,0.556
5744,0.87
5745,0.98
5746,0.966
5747,0.538
5748,0.804
5749,0.64
5750,0.776
5751,0.732
5752,0.562
5753,0.612
5754,0.814
5755,0.9
5756,0.982
5757,0.982
5758,0.58
5759,0.884
5760,0.956
5761,0.568
5762,0.886
5763,0.972
5764,0.632
5765,0.558
5766,0.984
5767,0.854
5768,0.572
5769,0.872
5770,0.914
5771,0.784
5772,0.642
5773,0.564
5774,0.608
5775,0.564
5776,0.756
5777,0.658
5778,0.952
5779,0.72
5780,0.646
5781,0.95
5782,0.666
5783,0.522
5784,0.798
5785,0.642
5786,0.802
5787,0.534
5788,0.834
5789,0.676
5790,0.694
5791,0.958
5792,0.634
5793,0.91
5794,0.678
5795,0.98
5796,0.856
5797,0.564
5798,0.924
5799,0.626
5800,0.982
5801,0.81
5802,0.916
5803,0.978
5804,0.72
5805,0.978
5806,0.98
5807,0.852
5808,0.72
5809,0.67
5810,0.568
5811,0.57
5812,0.538
5813,0.882
5814,0.996
5815,0.626
5816,0.644
5817,0.994
5818,0.756
5819,0.73
5820,0.962
5821,0.876
5822,0.72
5823,0.984
5824,0.576
5825,0.968
5826,0.794
5827,0.582
5828,0.998
5829,0.7
5830,0.87
5831,0.62
5832,0.982
5833,0.684
5834,0.706
5835,0.876
5836,0.526
5837,0.812
5838,0.58
5839,0.972
5840,0.84
5841,0.958
5842,0.912
5843,0.742
5844,0.886
5845,0.942
5846,0.506
5847,0.818
5848,0.888
5849,0.996
5850,1
5851,0.94
5852,0.816
5853,0.644
5854,0.51
5855,0.676
5856,0.638
5857,0.612
5858,0.822
5859,0.72
5860,0.982
5861,0.966
5862,0.714
5863,0.812
5864,0.956
5865,0.788
5866,0.7
5867,0.634
5868,0.994
5869,0.796
5870,0.714
5871,0.688
5872,0.686
5873,0.802
5874,0.734
5875,0.956
5876,0.98
5877,0.846
5878,0.838
5879,0.75
5880,0.548
5881,0.9
5882,0.866
5883,0.964
5884,0.936
5885,0.73
5886,0.654
5887,0.516
5888,0.706
5889,0.55
5890,0.768
5891,0.838
5892,0.85
5893,0.97
5894,0.802
5895,0.894
5896,0.946
5897,0.99
5898,0.986
5899,0.626
5900,0.586
5901,0.75
5902,0.712
5903,0.928
5904,0.52
5905,0.68
5906,0.878
5907,0.728
5908,0.66
5909,0.678
5910,0.634
5911,0.546
5912,0.99
5913,0.572
5914,0.776
5915,0.886
5916,0.62
5917,0.968
5918,0.898
5919,0.974
5920,0.676
5921,0.696
5922,0.82
5923,0.704
5924,0.928
5925,0.874
5926,0.904
5927,0.588
5928,0.836
5929,0.812
5930,0.824
5931,0.776
5932,0.942
5933,0.614
5934,0.526
5935,0.504
5936,0.822
5937,0.984
5938,0.956
5939,0.52
5940,0.996
5941,0.956
5942,0.736
5943,0.988
5944,0.86
5945,0.81
5946,0.794
5947,0.524
5948,0.736
5949,0.656
5950,0.666
5951,0.574
5952,0.624
